onset	duration	nwb_table	block	tone_on_time	tone_off_time	action_on_time	action_off_time	pokeC_on_time	pokeC_off_time	reward_on_time	reward_off_time	state	action	reward	result	FinishedBlock	FirstTrial	LastTrial	RewardRule_L	RewardRule_R
2.334	1766.61	BlockDesign														1.0	1.0	98.0	10.0	50.0
2.334	52.72	trials	1.0	50.935193	52.489174			50.289	52.769819			2.0		1.0	1.0					
59.534	6.809999999999995	trials	1.0	62.015119999999996	63.752037			61.232986	64.083618			2.0		1.0	1.0					
70.914	5.366	trials	1.0	72.97045299999999	74.412286	75.65102999999999	76.276668	72.339355	74.926025			1.0	1.0	0.0	3.0					
79.034	15.004999999999995	trials	1.0	90.480186	91.917315	93.39091	94.03998299999999	89.735814	92.670268			1.0	1.0	0.0	3.0					
97.724	15.689999999999998	trials	1.0	107.715657	108.792616	110.626983	111.46539299999999	107.18298	109.836832	111.344	113.414	1.0	2.0	1.0	1.0					
116.434	10.780000000000001	trials	1.0	123.235317	124.848054	126.46527099999999	127.21186999999999	122.61781	125.72425600000001			1.0	2.0	0.0	3.0					
128.794	14.599999999999994	trials	1.0	140.440558	141.68204400000002	142.82629300000002	143.394428	139.621603	142.17429099999998			1.0	1.0	0.0	3.0					
145.187	16.286999999999978	trials	1.0	156.01079499999997	157.457988	158.61482	159.64000800000002	155.443155	157.841158	159.394	161.474	1.0	2.0	1.0	1.0					
165.494	7.5049999999999955	trials	1.0	169.617589	170.975501	172.51343400000002	173.00023399999998	168.851338	171.80618700000002			1.0	1.0	0.0	3.0					
174.884	15.850000000000023	trials	1.0	184.56565799999998	185.977597	187.29779100000002	188.58723600000002	183.682229	186.561076	188.069	190.734	1.0	2.0	1.0	1.0					
194.754	6.135000000000019	trials	1.0	197.63635599999998	198.97314599999999	200.212849	200.88880999999998	196.926156	199.495254			1.0	2.0	0.0	3.0					
203.54	14.354000000000013	trials	1.0	214.157808	216.158475	217.20964600000002	217.89424200000002	213.296893	216.436536			1.0	1.0	0.0	3.0					
220.624	16.555000000000007	trials	1.0	233.31113399999998	234.36677400000002			232.48423200000002	234.89730300000002			2.0		1.0	1.0					
239.714	10.284999999999997	trials	1.0	244.84682199999997	246.53873499999997	247.827537	248.526369	244.260466	246.941193	248.589	249.999	1.0	1.0	1.0	1.0					
253.015	9.299000000000035	trials	1.0	258.08659800000004	259.80154500000003			257.10006400000003	260.067094			2.0		1.0	1.0					
264.836	8.863999999999976	trials	1.0	270.618401	271.914856	273.075301	273.699381	269.988658	272.344742			1.0	2.0	0.0	3.0					
275.405	15.314000000000021	trials	1.0	286.79202300000003	288.725742	289.676089	290.718365	286.185805	289.013041			1.0	1.0	0.0	3.0					
292.024	17.814999999999998	trials	1.0	305.28733600000004	306.433453	307.69529700000004	308.333215	304.379812	306.905209	308.509	309.839	1.0	1.0	1.0	1.0					
313.899	6.925999999999988	trials	1.0	316.832762	318.267979			315.907411	318.60349			2.0		1.0	1.0					
325.365	11.961999999999989	trials	1.0	329.828846	331.388839	336.61611700000003	337.321733	329.127909	332.028121			1.0	1.0	0.0	3.0					
339.939	11.114999999999952	trials	1.0	347.462811	348.807405	350.59105	351.053914	346.607586	349.785711			1.0	2.0	0.0	3.0					
352.94	15.51400000000001	trials	1.0	364.743515	366.16925100000003	367.391224	368.384337	363.780658	366.708662			1.0	2.0	1.0	1.0					
371.965	19.954000000000008	trials	1.0	388.02217	389.864137			387.28502100000003	389.860377			1.0		0.0	2.0					
394.959	14.490999999999985	trials	1.0	406.137973	407.684103	408.79118700000004	409.452688	405.46277100000003	408.125103			1.0	1.0	0.0	3.0					
412.109	22.75600000000003	trials	1.0	431.467561	432.928011	434.21977200000003	434.868539	430.72227000000004	433.37966			1.0	2.0	0.0	3.0					
438.594	21.764999999999986	trials	1.0	456.18774	457.79330200000004			455.513998	458.195707			2.0		1.0	1.0					
463.895	8.474000000000046	trials	1.0	466.48377	467.964804	469.326142	470.40511000000004	465.88883100000004	468.578928	470.019	472.369	1.0	2.0	1.0	1.0					
474.41	10.539999999999964	trials	1.0	480.262759	482.386097			479.693596	482.64952			2.0		1.0	1.0					
487.424	9.385000000000048	trials	1.0	493.317762	494.484509			492.463471	494.73364000000004			2.0		1.0	1.0					
499.3	10.807999999999993	trials	1.0	505.923382	507.547863			505.331832	507.840145			2.0		1.0	1.0					
513.584	14.525000000000091	trials	1.0	524.733097	526.398316	527.5113680000001	528.1121870000001	524.018299	526.791115			1.0	2.0	0.0	3.0					
530.834	36.33100000000002	trials	1.0	563.853163	565.24021	566.372166	567.166963	563.077779	565.6707670000001			1.0	1.0	0.0	3.0					
570.699	13.105000000000018	trials	1.0	580.669141	582.365077	583.363595	583.807002	579.899713	582.62988			1.0	2.0	0.0	3.0					
585.689	20.45500000000004	trials	1.0	602.733745	604.325087	605.4159970000001	606.146146	601.943648	604.777162			1.0	1.0	0.0	3.0					
607.734	15.769999999999982	trials	1.0	619.174041	620.9905630000001			618.595135	621.259894			2.0		1.0	1.0					
627.019	8.654999999999973	trials	1.0	631.24551	632.92062	635.312305	635.674306	630.30154	633.2534410000001			1.0	2.0	0.0	3.0					
638.629	17.100000000000023	trials	1.0	652.049038	653.941144	654.778357	655.728927	651.133281	654.067486			1.0	1.0	0.0	3.0					
658.109	18.779999999999973	trials	1.0	673.245881	674.5305950000001			672.261303	674.820719	669.615	669.679	2.0		1.0	1.0					
681.402	10.771999999999935	trials	1.0	687.6090340000001	688.976185	690.104734	690.734866	686.648947	689.397213	690.905	692.174	1.0	1.0	1.0	1.0					
696.234	7.605000000000018	trials	1.0	700.535934	702.137016	703.123819	703.843283	699.672835	702.484797			1.0	1.0	0.0	3.0					
705.499	16.17999999999995	trials	1.0	715.814113	717.396444	718.619868	719.735424	715.221805	717.740165	719.394	721.679	1.0	2.0	1.0	1.0					
724.746	11.258000000000038	trials	1.0	730.210069	731.626719	732.938776	734.046799	729.541602	732.184651	733.609	736.004	1.0	2.0	1.0	1.0					
740.041	9.982999999999947	trials	1.0	746.586085	747.977914	749.138941	750.028304	745.867843	748.39531			1.0	2.0	0.0	3.0					
751.504	27.11500000000001	trials	1.0	775.184761	776.427324	777.566584	778.475167	774.216228	776.888523			1.0	2.0	1.0	1.0					
782.155	18.69900000000007	trials	1.0	796.746469	798.694732	799.672143	800.856487	796.207167	799.0136180000001			1.0	2.0	0.0	3.0					
802.994	19.684999999999945	trials	1.0	820.135435	821.297395	822.084274	822.684522	819.292276	821.362521			1.0	2.0	0.0	3.0					
826.405	84.08500000000004	trials	1.0	907.686154	909.102411	909.966209	910.494478	907.1488850000001	909.328951			1.0	1.0	0.0	3.0					
912.284	14.190000000000055	trials	1.0	921.1372240000001	922.407187	923.476216	924.39564	920.254272	922.715576	924.304	926.474	1.0	2.0	1.0	1.0					
930.539	7.036000000000058	trials	1.0	933.82573	935.352162	936.899419	937.575144	933.267684	936.196734			1.0	1.0	0.0	3.0					
941.28	13.064000000000078	trials	1.0	951.03754	952.338808			950.4317120000001	952.333386			2.0		0.0	2.0					
958.357	14.447000000000003	trials	1.0	969.501592	971.256988	972.220335	972.807672	968.931475	971.513901			1.0	2.0	0.0	3.0					
974.549	18.745000000000005	trials	1.0	989.701264	990.977607	992.191587	993.286817	989.095386	991.483924			1.0	2.0	1.0	1.0					
995.749	28.299999999999955	trials	1.0	1020.497794	1022.044701			1019.945203	1022.0384369999999			1.0		0.0	2.0					
1026.064	10.215999999999894	trials	1.0	1033.171122	1034.263011	1035.471799	1036.282692	1032.482548	1034.765115			1.0	2.0	0.0	3.0					
1037.804	16.020999999999958	trials	1.0	1048.326184	1049.503494	1050.780986	1052.047944	1047.402454	1049.936409	1051.419	1053.825	1.0	2.0	1.0	1.0					
1055.877	9.132000000000062	trials	1.0	1060.646415	1062.448791			1059.835494	1062.749358			2.0		1.0	1.0					
1069.518	8.516000000000076	trials	1.0	1074.42706	1076.477914	1077.426238	1078.038309	1073.486235	1076.760072			1.0	2.0	0.0	3.0					
1079.74	13.94900000000007	trials	1.0	1090.481601	1091.988515	1093.096144	1093.691445	1089.573475	1092.396078			1.0	1.0	0.0	3.0					
1095.422	14.642000000000053	trials	1.0	1106.386982	1108.219135	1109.298436	1110.069267	1105.50675	1108.477531			1.0	2.0	0.0	3.0					
1112.629	16.031000000000176	trials	1.0	1125.762113	1126.655086			1124.859837	1126.651504			1.0		0.0	2.0					
1131.679	13.084999999999809	trials	1.0	1141.56247	1142.594029	1144.25073	1144.767543	1140.83043	1143.494433			1.0	1.0	0.0	3.0					
1147.565	13.719000000000051	trials	1.0	1157.592637	1158.7028500000001			1156.791653	1159.065417			2.0		1.0	1.0					
1165.783	9.631000000000085	trials	1.0	1169.197425	1170.795013	1172.773563	1173.546448	1168.379684	1171.123556	1173.634	1175.414	1.0	2.0	1.0	1.0					
1179.455	10.344000000000051	trials	1.0	1183.749159	1185.464025	1186.548106	1187.81184	1183.070775	1185.820729	1187.174	1189.799	1.0	2.0	1.0	1.0					
1193.849	7.141000000000076	trials	1.0	1196.709273	1198.731154			1195.7280700000001	1198.9253410000001			2.0		1.0	1.0					
1203.559	9.516000000000076	trials	1.0	1209.857734	1211.139809	1212.466623	1213.080595	1208.974821	1211.725117			1.0	1.0	0.0	3.0					
1216.789	12.430000000000064	trials	1.0	1221.072547	1222.364308	1227.272979	1227.896196	1220.11542	1222.813537	1227.999	1229.219	1.0	1.0	1.0	1.0					
1232.236	7.782999999999902	trials	1.0	1235.918413	1237.894371	1238.852175	1240.023574	1235.082822	1238.240325			1.0	1.0	0.0	3.0					
1242.164	17.815000000000055	trials	1.0	1255.423773	1257.420345			1254.4900480000001	1257.865126			2.0		1.0	1.0					
1263.482	6.027000000000044	trials	1.0	1266.57817	1267.780546	1268.940609	1269.517077	1265.691616	1268.264331			1.0	2.0	0.0	3.0					
1273.324	24.710000000000036	trials	1.0	1291.902869	1293.494287	1295.130102	1296.224614	1291.167661	1294.396449	1295.884	1298.034	1.0	2.0	1.0	1.0					
1302.14	9.87299999999982	trials	1.0	1307.77816	1309.454581			1307.240572	1309.879197			2.0		1.0	1.0					
1314.499	8.629999999999882	trials	1.0	1320.273459	1321.474834	1322.644671	1323.136203	1319.29401	1321.931243			1.0	1.0	0.0	3.0					
1325.014	13.983000000000175	trials	1.0	1333.171241	1334.275038	1335.925068	1337.071095	1332.50864	1335.207381	1336.694	1338.997	1.0	2.0	1.0	1.0					
1342.019	19.700000000000045	trials	1.0	1356.049162	1358.010718	1358.763315	1359.775269	1355.214139	1358.039661	1359.439	1361.719	1.0	2.0	1.0	1.0					
1364.789	6.701000000000022	trials	1.0	1367.563548	1369.431036			1366.942268	1369.425093			1.0		0.0	2.0					
1375.499	17.920000000000073	trials	1.0	1389.375384	1390.864251			1388.538655	1391.123947	1383.519	1383.789	2.0		1.0	1.0					
1396.919	10.274999999999864	trials	1.0	1401.193917	1403.180834	1404.014085	1405.174324	1400.60618	1403.390058	1404.859	1407.194	1.0	2.0	1.0	1.0					
1409.259	9.420000000000073	trials	1.0	1415.113642	1416.17092			1414.462845	1416.475453			2.0		1.0	1.0					
1422.27	7.949000000000069	trials	1.0	1426.809415	1428.217206			1425.944854	1428.206461			2.0		0.0	2.0					
1433.274	15.320000000000164	trials	1.0	1442.394117	1444.386436	1445.503836	1446.500988	1441.673563	1444.805247	1439.589	1448.594	1.0	2.0	1.0	1.0					
1451.614	21.420000000000073	trials	1.0	1469.948977	1471.051516	1472.290228	1473.043189	1469.135931	1471.425331			1.0	2.0	0.0	3.0					
1476.614	16.230000000000018	trials	1.0	1489.795044	1490.841973			1488.918667	1490.834648			1.0		0.0	2.0					
1495.85	17.180000000000064	trials	1.0	1507.35475	1508.58	1509.898905	1510.886862	1506.657204	1509.14038	1510.574	1513.03	1.0	2.0	1.0	1.0					
1517.132	9.061999999999898	trials	1.0	1520.119572	1522.145236	1523.051233	1524.36042	1519.373155	1522.373989	1523.719	1526.194	1.0	2.0	1.0	1.0					
1530.214	7.6749999999999545	trials	1.0	1534.434807	1536.3262	1537.333881	1537.894648	1533.888925	1536.695353			1.0	1.0	0.0	3.0					
1541.655	14.44399999999996	trials	1.0	1551.626278	1553.588119			1551.08088	1553.850993			2.0		1.0	1.0					
1558.649	9.200000000000045	trials	1.0	1562.534762	1563.566685	1564.778004	1565.777881	1561.8110590000001	1564.100272	1565.494	1567.849	1.0	2.0	1.0	1.0					
1569.869	11.960000000000036	trials	1.0	1575.925527	1577.412675	1578.368889	1579.637105	1575.344893	1577.649666	1579.134	1581.829	1.0	2.0	1.0	1.0					
1583.891	9.032999999999902	trials	1.0	1589.67568	1591.029851	1592.072521	1592.930547	1588.976122	1591.374165			1.0	2.0	0.0	3.0					
1595.384	24.545000000000073	trials	1.0	1616.610522	1617.927597			1615.785156	1617.918621			1.0		0.0	2.0					
1621.935	9.278999999999996	trials	1.0	1628.680877	1629.777085	1630.707877	1631.224087	1628.093428	1630.108957			1.0	1.0	0.0	3.0					
1634.03	60.014000000000124	trials	1.0	1690.204135	1691.867241	1692.825784	1694.054182	1689.666297	1692.15616			1.0	2.0	0.0	3.0					
1695.134	11.61999999999989	trials	1.0	1703.90586	1705.120144	1706.106546	1706.76432	1703.106936	1705.407942			1.0	2.0	0.0	3.0					
1708.424	19.154999999999973	trials	1.0	1724.056444	1725.8324440000001	1726.893253	1727.588925	1723.109533	1726.099087			1.0	1.0	0.0	3.0					
1731.239	18.11500000000001	trials	1.0	1743.591958	1745.359791	1746.359281	1747.596849	1742.774449	1745.672892	1747.129	1749.354	1.0	2.0	1.0	1.0					
1751.41	8.413999999999987	trials	1.0	1756.200919	1757.568285			1755.222565	1757.725632			2.0		1.0	1.0					
1764.377	4.567000000000007	trials	1.0	1766.226832	1767.998214	1768.882123	1769.486578	1764.869391	1768.068286			1.0	2.0	0.0	3.0					
1771.214	768.3969999999999	BlockDesign														1.0	99.0	140.0	50.0	10.0
1771.214	14.309999999999945	trials	2.0	1781.986225	1783.464348	1784.684115	1785.532602	1781.303104	1783.94917			1.0	2.0	0.0	3.0					
1788.049	14.210000000000036	trials	2.0	1797.713178	1798.898895	1800.056502	1800.837099	1796.879322	1799.322663	1800.734	1802.259	1.0	1.0	1.0	1.0					
1804.329	7.690000000000055	trials	2.0	1809.227865	1810.400161	1811.339406	1812.029086	1808.332905	1810.738617			1.0	1.0	0.0	3.0					
1813.649	12.160000000000082	trials	2.0	1823.097535	1824.233649	1825.320942	1825.820754	1822.256923	1824.652171			1.0	2.0	0.0	3.0					
1827.64	12.478999999999814	trials	2.0	1837.137426	1838.37798	1839.659824	1840.128153	1836.345709	1838.973589			1.0	1.0	0.0	3.0					
1843.971	11.65300000000002	trials	2.0	1852.017187	1853.033428			1851.293187	1853.341185			2.0		1.0	1.0					
1858.169	7.744999999999891	trials	2.0	1862.687242	1864.117986	1865.442829	1865.923684	1861.945548	1864.631742			1.0	2.0	0.0	3.0					
1867.754	15.835000000000036	trials	2.0	1880.202066	1881.733053	1883.080557	1883.599729	1879.303575	1882.070007			1.0	1.0	0.0	3.0					
1886.424	10.519999999999982	trials	2.0	1893.652395	1895.435809	1896.419731	1896.95158	1893.036847	1895.749675			1.0	2.0	0.0	3.0					
1900.755	9.694999999999936	trials	2.0	1907.116986	1908.454831			1906.203524	1908.443152			2.0		0.0	2.0					
1913.472	13.207000000000107	trials	2.0	1923.347983	1924.9584790000001	1926.155313	1926.687987	1922.710897	1925.447202			1.0	2.0	0.0	3.0					
1930.479	13.575000000000045	trials	2.0	1940.857612	1942.033978	1943.61483	1944.063144	1939.931389	1942.689521			1.0	2.0	0.0	3.0					
1945.924	15.545000000000073	trials	2.0	1958.203176	1959.814543	1960.876656	1961.478775	1957.66774	1960.123233			1.0	1.0	0.0	3.0					
1964.2	13.125	trials	2.0	1973.2984	1975.145355	1976.86368	1977.3362260000001	1972.573711	1975.106965			1.0	2.0	0.0	3.0					
1979.219	15.460000000000036	trials	2.0	1991.011965	1992.12616			1990.255453	1992.402382			2.0		1.0	1.0					
1999.235	4.820000000000164	trials	2.0	2001.063651	2002.44	2003.659299	2004.06432	2000.189924	2002.875793			1.0	2.0	0.0	3.0					
2008.014	76.5160000000003	trials	2.0	2080.7788299999997	2081.9888469999996			2080.1275349999996	2082.3104409999996			2.0		1.0	1.0					
2088.099	6.984999999999673	trials	2.0	2091.828411	2093.56051	2094.5597289999996	2095.096573	2091.2603249999997	2093.9053049999998			1.0	1.0	0.0	3.0					
2097.875	15.603999999999814	trials	2.0	2108.873541	2110.7252639999997	2111.672439	2112.223814	2108.2223729999996	2110.9325649999996	2112.424	2113.479	1.0	1.0	1.0	1.0					
2117.504	12.434999999999945	trials	2.0	2126.50526	2128.425835	2129.293373	2129.9492139999998	2125.83832	2128.6621299999997			1.0	1.0	0.0	3.0					
2131.646	16.803999999999633	trials	2.0	2144.8407429999997	2145.91086			2143.976436	2146.2832019999996			2.0		1.0	1.0					
2153.075	5.903999999999996	trials	2.0	2154.965827	2156.4811769999997			2154.1320309999996	2156.739893			2.0		1.0	1.0					
2162.5	6.123999999999796	trials	2.0	2165.364075	2167.0347819999997	2168.176168	2168.637804	2164.7844699999996	2167.3988289999998			1.0	2.0	0.0	3.0					
2172.534	12.371000000000095	trials	2.0	2180.9660639999997	2182.329049	2183.8093689999996	2184.441797	2180.2094549999997	2183.1379979999997			1.0	1.0	1.0	1.0					
2188.362	27.161999999999807	trials	2.0	2211.899676	2213.8037529999997	2214.8234289999996	2215.5349619999997	2211.0569729999997	2214.0886689999998			1.0	1.0	0.0	3.0					
2218.129	15.019999999999982	trials	2.0	2230.1000219999996	2231.204068	2232.3177819999996	2233.162375	2229.347597	2231.6111349999996			1.0	1.0	0.0	3.0					
2236.632	11.85799999999972	trials	2.0	2245.3502289999997	2246.9270909999996	2248.1072339999996	2248.5027689999997	2244.5644479999996	2247.303087			1.0	2.0	0.0	3.0					
2251.414	14.014999999999873	trials	2.0	2260.6599549999996	2261.8487529999998	2262.820158	2263.655753	2259.990182	2262.130549	2263.549	2265.429	1.0	1.0	1.0	1.0					
2268.209	20.63000000000011	trials	2.0	2285.6650259999997	2286.976099	2288.0888769999997	2288.853956	2285.0595329999996	2287.435814			1.0	1.0	0.0	3.0					
2290.444	53.46100000000024	trials	2.0	2339.7097949999998	2341.1522609999997			2339.195323	2341.8550029999997			2.0		1.0	1.0					
2346.464	9.534999999999854	trials	2.0	2352.681255	2354.320514	2355.3023999999996	2356.01273	2351.91394	2354.6049999999996			1.0	1.0	0.0	3.0					
2357.609	16.7800000000002	trials	2.0	2371.426841	2372.560369	2373.925852	2374.4015769999996	2370.729797	2373.0534329999996			1.0	1.0	0.0	3.0					
2376.269	20.450000000000273	trials	2.0	2392.481433	2394.1688019999997			2391.5677419999997	2394.445672			2.0		1.0	1.0					
2399.189	14.940000000000055	trials	2.0	2410.351108	2411.647767	2413.6677329999998	2414.141479	2409.406651	2412.995598			1.0	2.0	0.0	3.0					
2417.974	18.19499999999971	trials	2.0	2431.40013	2432.7900419999996	2434.152397	2434.790415	2430.4541639999998	2433.489826	2434.865	2436.169	1.0	1.0	1.0	1.0					
2440.221	8.327999999999975	trials	2.0	2443.6515569999997	2444.8180389999998	2445.8889609999997	2446.9003	2442.7251159999996	2445.1951059999997	2446.729	2448.549	1.0	1.0	1.0	1.0					
2451.614	9.4699999999998	trials	2.0	2455.7979149999996	2457.1937049999997	2458.2126099999996	2459.222974	2454.8084609999996	2457.522169	2458.919	2461.084	1.0	1.0	1.0	1.0					
2464.179	9.060999999999694	trials	2.0	2468.4714449999997	2469.6732639999996	2470.7649659999997	2471.653206	2467.88231	2470.0727939999997	2471.49	2473.24	1.0	1.0	1.0	1.0					
2476.349	8.074999999999818	trials	2.0	2481.231523	2482.4287419999996			2480.505334	2482.4210049999997			1.0		0.0	2.0					
2486.439	19.850000000000364	trials	2.0	2503.226797	2504.8379	2505.8486919999996	2506.301829	2502.5864939999997	2505.11734			1.0	2.0	0.0	3.0					
2510.194	20.230000000000018	trials	2.0	2525.391737	2527.057233	2527.9759179999996	2528.8506329999996	2524.593574	2527.3214759999996	2528.629	2530.424	1.0	1.0	1.0	1.0					
2532.484	7.126999999999953	trials	2.0	2536.946896	2538.6620919999996	2539.554185	2540.2141239999996	2536.3303029999997	2538.9456959999998			1.0	1.0	0.0	3.0					
2542.035	920.469	BlockDesign														1.0	141.0	190.0	90.0	50.0
2542.035	19.81899999999996	trials	3.0	2557.036498	2558.406066	2559.5454459999996	2560.402623	2556.4585079999997	2558.8539199999996	2560.2	2561.854	1.0	1.0	1.0	1.0					
2565.97	22.914000000000215	trials	3.0	2585.5866969999997	2586.889903			2584.837548	2586.882127			1.0		0.0	2.0					
2591.91	21.153999999999996	trials	3.0	2609.3769389999998	2611.074069			2608.4680439999997	2611.0661379999997			1.0		0.0	2.0					
2616.124	25.756000000000313	trials	3.0	2638.087118	2639.372872			2637.37482	2639.7703859999997			2.0		1.0	1.0					
2646.474	5.609999999999673	trials	3.0	2648.3886119999997	2649.539354			2647.5860169999996	2650.0099859999996			2.0		1.0	1.0					
2655.645	7.713999999999942	trials	3.0	2658.5821859999996	2660.104519	2661.095104	2661.8864769999996	2657.9997689999996	2660.411965	2661.849	2663.359	1.0	1.0	1.0	1.0					
2665.429	11.239999999999782	trials	3.0	2671.693132	2672.964125	2673.8794449999996	2674.8675909999997	2670.8441199999997	2673.1074329999997	2674.7	2676.669	1.0	2.0	1.0	1.0					
2679.734	9.9050000000002	trials	3.0	2686.2593349999997	2687.64481			2685.3078539999997	2687.635891			1.0		0.0	2.0					
2692.66	19.429000000000087	trials	3.0	2709.2594609999996	2710.362448	2711.628291	2712.1034459999996	2708.692689	2710.890312			1.0	2.0	0.0	3.0					
2713.999	19.994000000000142	trials	3.0	2730.5581949999996	2732.0042909999997			2729.7808959999998	2731.9900089999996			1.0		0.0	2.0					
2738.02	21.248999999999796	trials	3.0	2754.1038959999996	2755.610123	2756.849405	2757.623208	2753.4262769999996	2755.9388379999996	2757.765	2759.269	1.0	2.0	1.0	1.0					
2763.291	10.792999999999665	trials	3.0	2770.3058109999997	2771.7050539999996			2769.313077	2771.968732			2.0		1.0	1.0					
2778.611	8.932999999999993	trials	3.0	2783.453587	2785.2182679999996			2782.4795849999996	2785.467412			2.0		1.0	1.0					
2790.061	8.094000000000051	trials	3.0	2794.9631459999996	2796.3749829999997	2797.7552189999997	2798.169709	2794.412284	2797.0486769999998			1.0	2.0	0.0	3.0					
2801.114	113.06500000000005	trials	3.0	2909.604634	2911.282003	2912.072025	2912.7508919999996	2909.007468	2911.4979089999997	2912.879	2914.179	1.0	1.0	1.0	1.0					
2918.194	11.510000000000218	trials	3.0	2926.1897769999996	2927.716266			2925.305594	2927.7077799999997			1.0		0.0	2.0					
2931.759	15.38000000000011	trials	3.0	2943.9050719999996	2945.170906	2946.545734	2947.15769	2943.256195	2945.7860979999996			1.0	2.0	0.0	3.0					
2949.846	21.684000000000196	trials	3.0	2967.9150569999997	2968.9861229999997			2967.0310919999997	2969.2475769999996			2.0		1.0	1.0					
2974.009	11.730999999999767	trials	3.0	2979.8868509999998	2981.7778989999997	2982.8380869999996	2983.701949	2979.2891769999997	2982.1454009999998	2983.539	2985.74	1.0	2.0	1.0	1.0					
2988.809	12.754999999999654	trials	3.0	2996.599972	2998.257832	2999.1720939999996	3000.0107019999996	2995.8405549999998	2998.575335	2999.999	3001.564	1.0	1.0	1.0	1.0					
3003.594	8.795000000000073	trials	3.0	3008.942067	3010.3925729999996			3007.958502	3010.383617			1.0		0.0	2.0					
3014.439	14.230000000000018	trials	3.0	3024.7546319999997	3026.1743829999996			3024.1345979999996	3026.5744029999996			2.0		1.0	1.0					
3033.2	7.984000000000378	trials	3.0	3036.780007	3037.918604	3038.776101	3039.645232	3035.809833	3038.16169	3039.549	3041.184	1.0	1.0	1.0	1.0					
3045.204	20.024999999999636	trials	3.0	3061.827152	3063.555593	3064.755458	3065.224898	3061.227608	3064.051954			1.0	2.0	0.0	3.0					
3068.138	22.70699999999988	trials	3.0	3086.380442	3087.4816339999998	3088.505732	3089.260198	3085.729	3087.896915	3089.259	3090.845	1.0	1.0	1.0	1.0					
3092.914	25.035999999999603	trials	3.0	3114.215631	3115.937602			3113.4944649999998	3115.930365			1.0		0.0	2.0					
3122.004	10.644999999999982	trials	3.0	3126.900084	3128.635981	3129.7468599999997	3130.661599	3126.0071359999997	3129.009844	3130.419	3132.649	1.0	2.0	1.0	1.0					
3134.565	10.867999999999938	trials	3.0	3141.2660769999998	3143.1246459999998			3140.67687	3143.368947			2.0		1.0	1.0					
3148.964	8.7800000000002	trials	3.0	3153.276746	3154.372045	3155.5263219999997	3156.284531	3152.5353529999998	3154.902755	3156.349	3157.744	1.0	1.0	1.0	1.0					
3160.819	9.235000000000127	trials	3.0	3165.020702	3166.263092	3167.40727	3168.367322	3164.483045	3166.777138	3168.099	3170.054	1.0	1.0	1.0	1.0					
3172.091	11.523999999999887	trials	3.0	3177.561754	3179.350942	3179.997119	3181.028006	3176.713729	3179.366737	3180.874	3183.615	1.0	1.0	1.0	1.0					
3185.679	14.154999999999745	trials	3.0	3195.82118	3197.232574			3195.0715769999997	3197.631662			2.0		1.0	1.0					
3202.379	9.135000000000218	trials	3.0	3207.242855	3208.9486819999997			3206.540384	3209.241116			2.0		1.0	1.0					
3215.071	9.278000000000247	trials	3.0	3219.02161	3220.9427849999997	3221.884064	3222.721174	3218.202914	3221.250829	3222.684	3224.349	1.0	1.0	1.0	1.0					
3226.41	27.00400000000036	trials	3.0	3248.246857	3249.831431	3250.735396	3251.6541819999998	3247.569638	3250.103525	3251.49	3253.414	1.0	1.0	1.0	1.0					
3257.47	9.149000000000342	trials	3.0	3262.578326	3264.263281			3261.808708	3264.542644			2.0		1.0	1.0					
3269.18	11.454000000000178	trials	3.0	3275.226926	3277.2504169999997	3278.177032	3278.982085	3274.555479	3277.5495809999998	3278.914	3280.634	1.0	1.0	1.0	1.0					
3284.651	10.463999999999942	trials	3.0	3289.70303	3291.236349	3292.18916	3293.2928779999997	3288.915073	3291.554883	3292.964	3295.115	1.0	1.0	1.0	1.0					
3297.179	11.174999999999727	trials	3.0	3303.187247	3305.0739169999997	3305.767352	3306.701732	3302.5502269999997	3305.156186	3306.479	3308.354	1.0	1.0	1.0	1.0					
3311.374	9.401000000000295	trials	3.0	3316.6226189999998	3318.208765			3315.888476	3318.574736			2.0		1.0	1.0					
3325.259	8.646000000000186	trials	3.0	3328.5170279999998	3329.8973109999997	3330.805432	3331.848595	3327.875618	3330.197626	3331.604	3333.905	1.0	1.0	1.0	1.0					
3335.929	9.21499999999969	trials	3.0	3340.1930119999997	3342.0922259999998			3339.425044	3342.9302749999997			2.0		1.0	1.0					
3348.668	9.406999999999698	trials	3.0	3353.516906	3354.653895	3355.630334	3356.345831	3352.683529	3354.995645	3356.235	3358.075	1.0	1.0	1.0	1.0					
3361.094	7.074999999999818	trials	3.0	3364.217332	3366.1244659999998			3363.6325659999998	3366.118799			1.0		0.0	2.0					
3371.234	12.684999999999945	trials	3.0	3380.993618	3382.33481	3383.499859	3383.918224	3380.09846	3382.770053			1.0	2.0	0.0	3.0					
3386.855	13.909000000000106	trials	3.0	3397.7039879999998	3398.698949			3397.005344	3398.693921			1.0		0.0	2.0					
3404.818	16.77599999999984	trials	3.0	3417.977284	3419.544844			3417.292843	3419.5407099999998			1.0		0.0	2.0					
3425.604	13.335000000000036	trials	3.0	3433.9133039999997	3434.929654	3435.948115	3437.181156	3433.177016	3435.178628	3436.704	3438.939	1.0	1.0	1.0	1.0					
3442.979	6.890000000000327	trials	3.0	3445.053125	3446.423883	3447.382122	3448.252112	3444.107833	3446.756026	3448.044	3449.869	1.0	1.0	1.0	1.0					
3453.884	8.61999999999989	trials	3.0	3457.458581	3459.136817	3460.005301	3460.956451	3456.757918	3459.426559	3460.759	3462.504	1.0	1.0	1.0	1.0					
3464.526	722.0889999999999	BlockDesign														1.0	191.0	239.0	50.0	90.0
3464.526	7.441000000000258	trials	4.0	3468.852866	3469.911764			3467.903536	3469.897838			1.0		0.0	2.0					
3476.03	13.183999999999742	trials	4.0	3483.623248	3485.095199	3486.304244	3487.2977	3482.819318	3485.5449399999998	3487.084	3489.214	1.0	2.0	1.0	1.0					
3493.27	7.929999999999836	trials	4.0	3496.924475	3498.8947479999997	3500.220617	3501.1981	3496.117435	3499.479212			1.0	1.0	0.0	3.0					
3502.534	20.02500000000009	trials	4.0	3516.91903	3518.116382	3519.612718	3520.619264	3516.407468	3518.8775689999998	3520.2	3522.559	1.0	2.0	1.0	1.0					
3526.627	8.021999999999935	trials	4.0	3528.893588	3530.134138	3531.122494	3532.582049	3528.2913829999998	3530.451283	3531.899	3534.649	1.0	2.0	1.0	1.0					
3536.679	11.545000000000073	trials	4.0	3542.558281	3544.165516	3545.0441499999997	3546.202864	3541.858468	3544.1622899999998	3545.809	3548.224	1.0	2.0	1.0	1.0					
3549.986	9.278000000000247	trials	4.0	3554.968769	3556.4654689999998			3554.302681	3557.003077			2.0		1.0	1.0					
3562.871	11.192999999999756	trials	4.0	3569.209246	3570.430175	3571.390814	3572.4141099999997	3568.50986	3570.712438	3572.089	3574.064	1.0	2.0	1.0	1.0					
3577.138	9.530999999999949	trials	4.0	3582.55892	3584.381402	3585.267992	3586.672051	3581.773618	3584.369835			1.0		0.0	2.0					
3589.479	9.78500000000031	trials	4.0	3595.153349	3596.751058			3594.610898	3597.187435			2.0		1.0	1.0					
3602.834	9.705000000000382	trials	4.0	3608.285714	3610.236915			3607.28333	3610.262657			2.0		1.0	1.0					
3615.064	10.480000000000018	trials	4.0	3619.745566	3621.2583919999997	3622.4645	3623.444532	3619.233875	3621.777125	3623.259	3625.544	1.0	2.0	1.0	1.0					
3627.615	12.569000000000415	trials	4.0	3634.469025	3636.2144559999997	3637.200434	3638.231378	3633.789874	3636.556012	3637.969	3640.184	1.0	2.0	1.0	1.0					
3643.202	6.851999999999862	trials	4.0	3647.2947489999997	3648.36397	3649.480335	3650.058365	3646.7260779999997	3648.77036			1.0	1.0	0.0	3.0					
3653.814	9.309999999999945	trials	4.0	3659.399378	3661.1038909999997	3662.266922	3663.126757	3658.528644	3661.529293			1.0	2.0	0.0	3.0					
3666.579	14.5	trials	4.0	3677.644602	3679.54877	3680.477977	3681.080474	3677.029056	3679.78682			1.0	1.0	0.0	3.0					
3683.847	15.021999999999935	trials	4.0	3695.504873	3696.865135			3694.691497	3696.853948			1.0		0.0	2.0					
3701.879	10.680000000000291	trials	4.0	3708.6947179999997	3709.97142			3708.08655	3710.415646			2.0		1.0	1.0					
3715.025	6.739000000000033	trials	4.0	3718.029521	3719.203756			3717.4012279999997	3719.575019			2.0		1.0	1.0					
3726.268	8.670999999999822	trials	4.0	3729.774794	3731.721754	3732.905156	3733.662024	3728.92242	3732.140701	3733.619	3734.939	1.0	1.0	1.0	1.0					
3738.965	7.458999999999833	trials	4.0	3743.5049449999997	3744.626862	3745.687882	3746.426303	3742.586418	3744.986327			1.0	1.0	0.0	3.0					
3749.009	10.896000000000186	trials	4.0	3755.612811	3757.389944			3754.902722	3757.770247			2.0		1.0	1.0					
3764.476	9.388999999999669	trials	4.0	3767.510035	3769.180469	3770.4962619999997	3771.710533	3766.842311	3769.841414	3771.084	3773.865	1.0	2.0	1.0	1.0					
3775.929	15.39599999999973	trials	4.0	3785.485099	3787.104134	3788.459317	3789.572726	3784.509253	3787.705282	3789.189	3791.325	1.0	2.0	1.0	1.0					
3793.384	11.364999999999782	trials	4.0	3798.5253009999997	3800.507481	3801.741799	3802.982887	3797.95331	3801.061184	3802.394	3804.749	1.0	2.0	1.0	1.0					
3807.908	10.094000000000051	trials	4.0	3812.246726	3814.039346	3814.806107	3816.082078	3811.570195	3814.087402	3815.554	3818.002	1.0	2.0	1.0	1.0					
3821.049	11.315000000000055	trials	4.0	3828.480172	3830.118641			3827.517605	3830.016045			2.0		0.0	2.0					
3836.41	9.124000000000251	trials	4.0	3841.6456129999997	3844.086389	3844.765452	3845.539343	3840.8844099999997	3844.057955			1.0	2.0	0.0	3.0					
3849.075	12.534000000000106	trials	4.0	3857.985227	3859.6029			3857.210057	3859.588253			1.0		0.0	2.0					
3865.615	67.94400000000041	trials	4.0	3928.2966619999997	3929.862814	3931.121906	3931.851332	3927.69049	3930.472815	3931.944	3933.559	1.0	2.0	1.0	1.0					
3936.629	6.559999999999945	trials	4.0	3939.3918249999997	3941.184911			3938.398033	3941.180698			1.0		0.0	2.0					
3945.205	15.284999999999854	trials	4.0	3954.601259	3955.905095	3957.304118	3958.438317	3953.963824	3956.437403	3957.929	3960.49	1.0	2.0	1.0	1.0					
3963.509	8.940999999999804	trials	4.0	3968.1414999999997	3969.901546			3967.605271	3970.364854			2.0		1.0	1.0					
3974.939	8.59100000000035	trials	4.0	3979.271506	3980.983103			3978.273944	3981.3448399999997			2.0		1.0	1.0					
3986.094	10.110000000000127	trials	4.0	3990.9865019999997	3992.808227	3994.152277	3994.848627	3990.331244	3993.352865	3994.966	3996.204	1.0	1.0	1.0	1.0					
3998.225	8.465000000000146	trials	4.0	4003.771401	4004.684146			4003.14518	4004.677271			1.0		0.0	2.0					
4009.736	9.343000000000302	trials	4.0	4013.25726	4015.018724	4016.284829	4017.214977	4012.731751	4015.632662	4017.084	4019.079	1.0	2.0	1.0	1.0					
4021.975	9.459000000000287	trials	4.0	4027.321622	4028.923661			4026.629006	4029.348451			2.0		1.0	1.0					
4036.035	8.059000000000196	trials	4.0	4038.5121879999997	4039.948086	4040.988145	4042.04971	4037.782555	4040.3243039999998	4041.809	4044.094	1.0	2.0	1.0	1.0					
4046.184	12.809999999999945	trials	4.0	4054.321939	4056.193359			4053.709427	4056.900952			2.0		1.0	1.0					
4062.484	11.36999999999989	trials	4.0	4067.612137	4069.7716149999997	4070.647271	4071.799735	4066.992779	4069.957519	4071.319	4073.854	1.0	2.0	1.0	1.0					
4077.692	9.467999999999847	trials	4.0	4081.2720099999997	4082.923103	4083.983126	4085.319676	4080.470821	4083.3646449999997	4084.734	4087.16	1.0	2.0	1.0	1.0					
4091.219	7.680000000000291	trials	4.0	4095.435994	4097.367223	4098.421586	4098.901651	4094.5324819999996	4097.747399			1.0	1.0	0.0	3.0					
4100.783	14.510999999999513	trials	4.0	4109.518201	4111.157042	4112.281558	4113.492842	4108.685314	4111.5531200000005	4112.999	4115.294	1.0	2.0	1.0	1.0					
4118.359	9.479999999999563	trials	4.0	4122.7022959999995	4123.824184	4127.310641	4127.844425	4122.10724	4124.236289			1.0	2.0	0.0	3.0					
4130.663	11.77600000000075	trials	4.0	4138.64314	4139.88487			4137.729948	4140.317812			2.0		1.0	1.0					
4146.94	10.204000000000633	trials	4.0	4151.2093700000005	4153.21976	4154.236058	4155.290669	4150.403273	4153.550646	4155.009	4157.144	1.0	2.0	1.0	1.0					
4161.12	10.634000000000015	trials	4.0	4165.847645	4167.022957	4168.806709	4169.897969	4164.980251	4168.103125	4169.604	4171.754	1.0	2.0	1.0	1.0					
4173.784	12.831000000000131	trials	4.0	4180.193149	4181.909653	4183.402846	4184.577667	4179.3092209999995	4182.4600279999995	4184.054	4186.615	1.0	2.0	1.0	1.0					
4189.651	938.3730000000005	BlockDesign														1.0	240.0	282.0	10.0	50.0
4189.651	8.923999999999978	trials	5.0	4195.589362	4196.706347	4197.821369	4198.583199	4194.842885	4197.069857			1.0	2.0	0.0	3.0					
4202.179	12.550000000000182	trials	5.0	4210.742595	4212.164973			4209.868579	4212.632212			2.0		1.0	1.0					
4218.204	8.161000000000058	trials	5.0	4222.952564	4224.324773			4222.079104	4224.318443			2.0		0.0	2.0					
4228.374	12.945000000000618	trials	5.0	4237.82298	4239.577955	4240.715633	4241.325404	4237.279105	4240.019078			1.0	2.0	0.0	3.0					
4245.044	54.70499999999993	trials	5.0	4296.665327	4297.860436	4299.038891	4299.754148	4295.856434	4298.274375999999			1.0	2.0	0.0	3.0					
4301.395	16.469999999999345	trials	5.0	4314.094487	4316.046805	4317.119313	4317.8708050000005	4313.533882	4316.387483			1.0	2.0	0.0	3.0					
4319.449	12.291000000000167	trials	5.0	4328.638912	4329.909563	4331.0326430000005	4331.7480479999995	4327.896433	4330.3423			1.0	1.0	0.0	3.0					
4335.405	13.963999999999942	trials	5.0	4345.3240399999995	4346.860742			4344.48947	4347.255097			2.0		1.0	1.0					
4352.929	5.850999999999658	trials	5.0	4355.790642	4356.861751	4358.316553	4358.783719	4354.896334	4357.550857			1.0	2.0	0.0	3.0					
4360.644	12.984999999999673	trials	5.0	4369.849108	4371.597068	4373.173106	4373.638736	4369.29787	4372.408273			1.0	2.0	0.0	3.0					
4375.524	16.210000000000036	trials	5.0	4388.184841	4389.941117	4391.046582	4391.743492	4387.210105	4390.325291			1.0	1.0	0.0	3.0					
4393.419	17.890000000000327	trials	5.0	4406.603222	4408.179391	4409.21616	4409.904472	4405.698298	4408.512127	4409.999	4411.309	1.0	1.0	1.0	1.0					
4414.369	11.587000000000444	trials	5.0	4422.79133	4423.981691	4425.457781	4425.965329	4422.154219	4424.817547			1.0	1.0	0.0	3.0					
4427.769	17.375	trials	5.0	4442.001217	4443.655987	4444.58116	4445.152691	4441.027348	4443.936523			1.0	1.0	0.0	3.0					
4447.935	14.639999999999418	trials	5.0	4457.2916239999995	4458.767521	4459.931383	4460.938379	4456.5583	4459.183405	4460.714	4462.575	1.0	2.0	1.0	1.0					
4466.599	6.704999999999927	trials	5.0	4469.975335	4471.853723	4472.742746	4473.313473	4469.342514	4472.023636			1.0	2.0	0.0	3.0					
4475.064	19.389999999999418	trials	5.0	4490.870456	4492.898933	4493.966924	4494.461066	4490.152837	4493.237717			1.0	1.0	0.0	3.0					
4497.255	16.134000000000015	trials	5.0	4507.82515	4509.274318	4510.787494	4511.800031	4507.056793	4510.030945	4511.669	4513.389	1.0	2.0	1.0	1.0					
4516.459	9.340000000000146	trials	5.0	4520.364976	4521.838298	4523.032039	4524.154871	4519.582775	4522.330082	4523.774	4525.799	1.0	2.0	1.0	1.0					
4527.869	9.230000000000473	trials	5.0	4534.119766	4535.097179			4533.312852999999	4535.085013			1.0		0.0	2.0					
4541.106	11.27599999999984	trials	5.0	4548.365003	4550.107489	4551.784814	4552.392205	4547.400673	4551.04506			1.0	2.0	0.0	3.0					
4555.099	15.824999999999818	trials	5.0	4567.556869	4568.923375			4566.855817	4568.915269			2.0		0.0	2.0					
4574.976	11.483000000000175	trials	5.0	4582.015982	4583.912005			4581.160252	4584.305265999999			2.0		1.0	1.0					
4590.024	8.920000000000073	trials	5.0	4593.296381	4594.642774	4596.420212	4597.231738	4592.6853009999995	4595.748884	4597.184	4598.944	1.0	2.0	1.0	1.0					
4602.969	10.75500000000011	trials	5.0	4610.035813	4611.177776			4609.308461	4611.679528			2.0		1.0	1.0					
4618.214	7.220000000000255	trials	5.0	4620.315887	4621.907341	4622.973139	4623.82808	4619.78414	4622.2980609999995	4623.644	4625.434	1.0	2.0	1.0	1.0					
4628.459	9.070999999999913	trials	5.0	4634.167325	4635.343306	4636.81222	4637.540432	4633.17079	4636.182044			1.0	2.0	0.0	3.0					
4641.13	12.689000000000306	trials	5.0	4648.406084	4649.65271	4651.077225999999	4652.183306	4647.830021	4650.429026	4651.679	4653.819	1.0	2.0	1.0	1.0					
4656.925	11.899999999999636	trials	5.0	4662.979379	4664.900546	4665.943483	4667.050792	4662.21922	4665.332561	4666.664	4668.825	1.0	2.0	1.0	1.0					
4671.844	7.731999999999971	trials	5.0	4676.276486	4678.15702	4679.027843	4679.588572	4675.36421	4678.334311			1.0	2.0	0.0	3.0					
4682.344	41.26000000000022	trials	5.0	4720.8716	4722.159914	4723.061227	4723.615471	4720.349383	4722.438857			1.0	2.0	0.0	3.0					
4727.42	17.76000000000022	trials	5.0	4736.552417	4738.2959169999995			4735.809448	4738.569694			2.0		1.0	1.0					
4745.334	5.246000000000095	trials	5.0	4747.281725	4748.545558			4745.188135	4748.540584			1.0		0.0	2.0					
4752.604	19.23999999999978	trials	5.0	4768.177433	4769.846077			4767.29114	4769.836756			1.0		0.0	2.0					
4774.879	29.55500000000029	trials	5.0	4800.222191	4801.929313			4799.481718999999	4802.235587			2.0		1.0	1.0					
4806.95	9.634000000000015	trials	5.0	4812.773435	4814.005383			4811.987198	4814.472656			2.0		1.0	1.0					
4820.085	9.859000000000378	trials	5.0	4824.3274249999995	4825.73902	4826.977619	4827.9893680000005	4823.4984079999995	4826.293114	4827.679	4829.944	1.0	2.0	1.0	1.0					
4831.974	10.01299999999992	trials	5.0	4838.222441	4839.481913			4837.456039	4839.742843			2.0		1.0	1.0					
4844.534	7.510000000000218	trials	5.0	4848.464099	4850.089151	4851.339452	4852.05397	4847.730724999999	4850.692885			1.0	2.0	0.0	3.0					
4853.639	236.1800000000003	trials	5.0	5087.229449	5088.356167	5089.348399	5089.8314709999995	5086.2543829999995	5088.671264			1.0	2.0	0.0	3.0					
5093.664	10.195000000000618	trials	5.0	5099.694712	5101.301755			5098.846937	5101.73092			2.0		1.0	1.0					
5107.365	6.889000000000124	trials	5.0	5111.39452	5112.714614	5113.712573	5114.268132	5110.723088	5113.128532			1.0	1.0	0.0	3.0					
5118.03	9.994000000000597	trials	5.0	5125.449205	5126.725025	5127.9603480000005	5128.319455999999	5124.759436	5127.156964			1.0	2.0	0.0	3.0					
5132.319	448.09999999999945	BlockDesign														1.0	283.0	311.0	90.0	50.0
5132.319	21.755999999999403	trials	6.0	5149.885243	5151.238781	5152.172011000001	5152.799376999999	5148.907333	5151.5456730000005	5152.78	5154.075	1.0	1.0	1.0	1.0					
5158.188	7.270999999999731	trials	6.0	5160.317993000001	5162.018926	5162.805843	5163.786824	5159.701469	5162.106838	5163.524	5165.459	1.0	2.0	1.0	1.0					
5169.479	9.349999999999454	trials	6.0	5173.246175	5175.104074999999	5176.063285	5176.9606779999995	5172.327941	5175.403195999999	5176.825	5178.829	1.0	1.0	1.0	1.0					
5181.894	19.704999999999927	trials	6.0	5197.765189	5199.606586			5197.222236	5199.59693			1.0		0.0	2.0					
5203.643	18.001000000000204	trials	6.0	5214.515307	5215.861919	5219.516335	5220.2053	5213.875324000001	5216.389528	5220.219	5221.644	1.0	1.0	1.0	1.0					
5223.679	8.100999999999658	trials	6.0	5227.583557	5229.265788000001			5226.830483	5229.6832890000005			2.0		1.0	1.0					
5234.343	10.726000000000568	trials	6.0	5239.700405	5241.641611999999	5242.805509	5243.669385	5239.133572	5242.1335309999995	5243.464	5245.069	1.0	1.0	1.0	1.0					
5248.085	10.024000000000342	trials	6.0	5252.7914120000005	5254.362074000001	5255.449322	5256.394301	5252.164255	5254.824457	5256.139	5258.109	1.0	1.0	1.0	1.0					
5262.129	9.460000000000036	trials	6.0	5265.540274999999	5267.428715	5268.556157	5269.5846679999995	5264.965689000001	5267.785534000001	5269.309	5271.589	1.0	2.0	1.0	1.0					
5274.609	9.639999999999418	trials	6.0	5279.38594	5280.956264	5281.894552	5282.667151	5278.740572000001	5281.2950359999995	5282.564	5284.249	1.0	1.0	1.0	1.0					
5286.269	9.394999999999527	trials	6.0	5291.235971	5293.161494			5290.720197000001	5293.466111			2.0		1.0	1.0					
5298.236	8.563000000000102	trials	6.0	5301.773703999999	5303.044574	5304.335675	5305.321825999999	5301.122467	5303.726035	5305.175	5306.799	1.0	1.0	1.0	1.0					
5310.814	10.364999999999782	trials	6.0	5317.405846	5318.423772			5316.825070999999	5319.148368			2.0		1.0	1.0					
5325.759	10.284999999999854	trials	6.0	5330.646038	5332.65343	5333.392076	5334.276958	5329.744219	5332.741862	5334.174	5336.044	1.0	1.0	1.0	1.0					
5339.109	12.170999999999367	trials	6.0	5346.641052999999	5347.818647	5348.810647	5349.608918	5345.696104000001	5348.216054	5349.559	5351.28	1.0	1.0	1.0	1.0					
5353.364	12.196000000000822	trials	6.0	5359.870569000001	5361.698033000001	5363.3598440000005	5364.0046999999995	5359.203433000001	5361.828665	5363.985	5365.56	1.0	1.0	1.0	1.0					
5369.584	10.550000000000182	trials	6.0	5374.741286	5376.393355	5377.2752820000005	5378.249624	5373.923729	5376.6545750000005	5378.094	5380.134	1.0	1.0	1.0	1.0					
5383.155	10.09900000000016	trials	6.0	5387.786221	5389.053470999999	5390.131739	5391.104627000001	5386.914493	5389.536798	5390.919	5393.254	1.0	1.0	1.0	1.0					
5395.274	20.479999999999563	trials	6.0	5410.386777	5412.155806	5412.952037	5413.886973000001	5409.428131000001	5412.173774	5413.554	5415.754	1.0	2.0	1.0	1.0					
5417.777	9.792000000000371	trials	6.0	5423.861559999999	5425.193273	5426.1317	5427.354641	5423.021606	5425.543057999999			1.0	1.0	0.0	3.0					
5429.436	8.304000000000087	trials	6.0	5434.3168430000005	5435.699176			5433.362838999999	5435.690841			1.0		0.0	2.0					
5439.75	14.673999999999978	trials	6.0	5448.682172	5450.678786	5451.623692	5452.6675190000005	5447.771261	5450.943137	5452.264	5454.424	1.0	2.0	1.0	1.0					
5458.459	5.850000000000364	trials	6.0	5460.211582	5461.768373			5459.5043430000005	5462.151956			2.0		1.0	1.0					
5467.839	5.055000000000291	trials	6.0	5469.706319	5470.899482			5468.237370999999	5470.894764000001			1.0		0.0	2.0					
5475.905	54.97400000000016	trials	6.0	5527.166639	5528.578837999999			5526.200231	5528.817574000001			2.0		1.0	1.0					
5534.359	8.130999999999403	trials	6.0	5538.093874	5539.663601			5537.451865999999	5540.184791			2.0		1.0	1.0					
5544.995	8.614000000000487	trials	6.0	5548.702364	5550.230905	5551.168904	5551.989310999999	5548.080108	5550.562604	5551.884	5553.609	1.0	1.0	1.0	1.0					
5556.459	9.010000000000218	trials	6.0	5560.303085	5561.769536	5562.923723	5563.876808	5559.725092000001	5562.315686	5563.569	5565.469	1.0	1.0	1.0	1.0					
5568.534	11.885000000000218	trials	6.0	5575.009099	5576.588393	5578.006939	5578.901326	5574.430628	5577.087218000001	5578.714	5580.419	1.0	1.0	1.0	1.0					
5582.469	590.1300000000001	BlockDesign														1.0	312.0	353.0	50.0	10.0
5582.469	13.77099999999973	trials	7.0	5592.9874629999995	5594.109257	5595.391305	5596.258365	5592.002501	5594.768963			1.0	1.0	0.0	3.0					
5597.74	9.654000000000451	trials	7.0	5604.0535500000005	5605.3499919999995			5603.371951	5605.346366			2.0		0.0	2.0					
5611.405	9.109000000000378	trials	7.0	5616.599045	5618.524277			5615.85347	5618.51405			1.0		0.0	2.0					
5622.574	22.325000000000728	trials	7.0	5641.162532	5642.860592			5640.155414	5642.851237			1.0		0.0	2.0					
5647.909	6.900000000000546	trials	7.0	5651.194792	5652.762452	5653.864713999999	5654.8268800000005	5650.284911	5653.243824			1.0	2.0	0.0	3.0					
5656.169	9.039999999999964	trials	7.0	5662.123089000001	5663.715413	5664.58178	5665.226912	5661.468113	5664.041204			1.0	1.0	0.0	3.0					
5667.939	16.175999999999476	trials	7.0	5678.268784	5679.810423999999	5680.918817	5681.992384	5677.437947	5680.227604	5681.609	5684.115	1.0	2.0	1.0	1.0					
5686.169	8.0600000000004	trials	7.0	5690.318746999999	5691.680894			5689.772038	5691.9951249999995			2.0		1.0	1.0					
5698.764	5.890999999999622	trials	7.0	5701.818286	5702.900882	5703.98223	5704.673709000001	5700.819128	5703.346428999999			1.0	2.0	0.0	3.0					
5706.29	14.989999999999782	trials	7.0	5716.604191	5718.714848			5715.664492	5719.060885			2.0		1.0	1.0					
5723.78	6.539000000000669	trials	7.0	5727.518555000001	5728.950245	5729.974706	5730.333046	5727.006612	5729.271779000001			1.0	2.0	0.0	3.0					
5733.289	12.25500000000011	trials	7.0	5741.550435	5742.797957			5741.027508	5743.495			2.0		1.0	1.0					
5749.059	5.979999999999563	trials	7.0	5751.828373	5753.185889	5754.637783	5755.053806	5751.104945	5753.589782			1.0	2.0	0.0	3.0					
5758.985	14.38000000000011	trials	7.0	5767.943658	5769.868052	5771.0521	5771.927039	5767.276438	5770.31384	5771.794	5773.365	1.0	1.0	1.0	1.0					
5775.479	9.724999999999454	trials	7.0	5781.169145	5782.698259			5780.333038	5783.048993			2.0		1.0	1.0					
5788.754	12.300000000000182	trials	7.0	5795.579137	5797.19044	5798.534693	5799.530084	5794.899001	5797.744949	5799.394	5801.054	1.0	1.0	1.0	1.0					
5805.115	8.35400000000027	trials	7.0	5808.220621	5809.89325	5810.796926	5811.675096999999	5807.28052	5810.207319	5811.424	5813.469	1.0	1.0	1.0	1.0					
5816.537	8.256999999999607	trials	7.0	5821.599656	5823.298525	5824.404173	5824.809633999999	5820.760183	5823.667099			1.0	2.0	0.0	3.0					
5827.724	16.230999999999767	trials	7.0	5838.934459	5840.2509709999995	5841.4264220000005	5842.325197	5838.20107	5840.744021	5842.164	5843.955	1.0	1.0	1.0	1.0					
5847.971	8.65900000000056	trials	7.0	5853.096137	5854.847908	5855.831162	5856.644874	5852.5398829999995	5855.218941			1.0	1.0	0.0	3.0					
5859.18	17.438999999999396	trials	7.0	5871.761279	5872.802806	5874.022525	5875.09335	5871.028493	5873.333086000001	5874.825	5876.619	1.0	1.0	1.0	1.0					
5879.685	10.733999999999469	trials	7.0	5885.449381	5886.946291	5887.915453	5888.864888	5884.467039	5887.237446	5888.679	5890.419	1.0	1.0	1.0	1.0					
5894.48	9.720000000000255	trials	7.0	5899.515767	5901.001609	5901.6230780000005	5902.509835	5898.617851999999	5900.99012	5902.374	5904.2	1.0	1.0	1.0	1.0					
5908.264	7.050000000000182	trials	7.0	5910.644889	5911.952028	5913.278575	5913.724301	5909.693588	5912.549926			2.0		0.0	4.0					
5919.325	7.845000000000255	trials	7.0	5923.545047	5924.6969260000005	5926.8002799999995	5927.189804	5922.755462	5926.078036999999			1.0	2.0	0.0	3.0					
5929.104	14.639999999999418	trials	7.0	5940.329648	5942.342773	5943.064408	5943.763086999999	5939.616304	5942.38772			1.0	1.0	0.0	3.0					
5946.365	16.84900000000016	trials	7.0	5960.035102	5961.236966	5962.7525559999995	5963.231758	5959.502288	5962.0313590000005			1.0	2.0	0.0	3.0					
5965.074	14.081000000000131	trials	7.0	5975.879586999999	5976.996728	5978.7500390000005	5979.174494	5975.063035	5978.073833			1.0	1.0	0.0	3.0					
5983.084	9.490999999999985	trials	7.0	5988.579928	5990.076584			5987.856929	5990.469901			2.0		1.0	1.0					
5995.149	8.454999999999927	trials	7.0	5999.105777	6001.0577539999995			5998.398764	6001.312374			2.0		1.0	1.0					
6006.116	10.51299999999992	trials	7.0	6012.067138	6013.26151	6014.278226	6015.198232	6011.147107	6013.605702999999	6014.999	6016.629	1.0	1.0	1.0	1.0					
6018.694	9.694999999999709	trials	7.0	6022.941318	6024.352408	6025.763138	6026.706018999999	6022.297595	6025.097551999999	6026.575	6028.389	1.0	1.0	1.0	1.0					
6031.458	9.89600000000064	trials	7.0	6037.56671	6039.41681	6040.355989	6041.371579000001	6037.013333	6039.750647			1.0	1.0	0.0	3.0					
6043.664	10.425000000000182	trials	7.0	6050.410438999999	6051.524875	6053.634926	6054.106193	6049.737416	6052.88234			1.0	2.0	0.0	3.0					
6056.93	16.230999999999767	trials	7.0	6069.995935	6071.487010999999	6072.618505	6073.17909	6069.196339	6071.927218			1.0	1.0	0.0	3.0					
6074.969	19.024999999999636	trials	7.0	6089.321605	6090.537929	6091.823401	6092.614307	6088.654186	6091.069552	6092.509	6093.994	1.0	1.0	1.0	1.0					
6096.014	12.430000000000291	trials	7.0	6104.366121999999	6105.862865			6103.607610999999	6106.209728			2.0		1.0	1.0					
6110.949	11.055000000000291	trials	7.0	6119.148133	6120.2103019999995	6121.586794999999	6122.0034829999995	6119.0408449999995	6120.825685999999			1.0	2.0	0.0	3.0					
6124.944	13.279999999999745	trials	7.0	6133.072778	6134.710590999999	6135.843704	6136.875104	6132.268174999999	6135.1210089999995	6136.594	6138.224	1.0	1.0	1.0	1.0					
6142.334	8.784999999999854	trials	7.0	6145.97852	6147.717613	6148.619038999999	6149.584288999999	6145.379	6147.988711	6149.409	6151.119	1.0	1.0	1.0	1.0					
6155.14	7.1340000000000146	trials	7.0	6157.919163	6159.665190999999	6161.057368	6162.277271999999	6157.350409	6160.412525			1.0	1.0	0.0	3.0					
6163.379	9.220000000000255	trials	7.0	6169.858171999999	6171.572029999999	6172.518166	6173.399552999999	6169.0836	6171.9187059999995			1.0	1.0	0.0	3.0					
6175.864	1628.255	BlockDesign														1.0	354.0	457.0	50.0	90.0
6175.864	13.320000000000618	trials	8.0	6185.254341999999	6186.9223489999995			6184.549168	6187.148947			2.0		1.0	1.0					
6192.79	9.838999999999942	trials	8.0	6197.488595	6199.016906	6200.292874	6201.137384	6196.969652	6199.552207	6201.034	6202.629	1.0	1.0	1.0	1.0					
6206.684	6.675000000000182	trials	8.0	6208.57958	6209.674714	6210.704836999999	6211.667261	6208.007710999999	6210.014136999999	6211.425	6213.359	1.0	1.0	1.0	1.0					
6217.459	9.496000000000095	trials	8.0	6221.6395729999995	6223.458508	6224.366416999999	6225.343518999999	6221.081628999999	6223.749296	6225.194	6226.955	1.0	1.0	1.0	1.0					
6229.019	8.404999999999745	trials	8.0	6233.584679	6235.167049	6236.2959519999995	6237.42523	6232.793578999999	6235.706482			1.0	1.0	0.0	3.0					
6238.619	14.970000000000255	trials	8.0	6247.88509	6248.945513	6250.739457999999	6251.778595999999	6246.888913999999	6249.964389	6245.439	6253.589	1.0	2.0	1.0	1.0					
6256.609	7.509999999999309	trials	8.0	6259.4193589999995	6260.485825	6261.788669	6262.65712	6258.782956999999	6261.189711999999	6262.604	6264.119	1.0	1.0	1.0	1.0					
6266.23	9.260000000000218	trials	8.0	6271.309139	6273.481513999999			6270.657367	6273.4683319999995			1.0		0.0	2.0					
6279.496	10.957999999999629	trials	8.0	6286.7861889999995	6288.501571999999	6289.725337999999	6290.457455	6285.8340069999995	6289.109007999999			1.0	1.0	0.0	3.0					
6292.089	15.680000000000291	trials	8.0	6302.125174	6303.9640309999995	6305.003365	6306.051407	6301.524853999999	6304.293049	6305.664	6307.769	1.0	2.0	1.0	1.0					
6311.791	6.688000000000102	trials	8.0	6314.720901999999	6316.584895999999	6317.474423	6318.48049	6314.140654999999	6316.82939			1.0	2.0	0.0	3.0					
6320.845	17.16899999999987	trials	8.0	6332.1047149999995	6333.943104999999	6335.093233	6336.299094999999	6331.255072999999	6334.37641	6335.879	6338.014	1.0	2.0	1.0	1.0					
6340.074	8.850000000000364	trials	8.0	6344.724633999999	6346.663828999999			6343.728209	6346.820385999999			2.0		1.0	1.0					
6352.492	10.501999999999498	trials	8.0	6356.394581	6357.922288999999	6360.112593999999	6361.196182	6355.773408999999	6359.3683009999995	6360.77	6362.994	1.0	2.0	1.0	1.0					
6366.064	8.474999999999454	trials	8.0	6369.519721999999	6370.886764	6372.159613999999	6372.99058	6368.7206559999995	6371.449978	6372.74	6374.539	1.0	1.0	1.0	1.0					
6377.596	9.769000000000233	trials	8.0	6384.000853	6385.459301	6386.547396999999	6387.368627	6383.410588999999	6385.9369879999995			1.0	1.0	0.0	3.0					
6388.856	22.09400000000005	trials	8.0	6405.985100999999	6407.507395999999	6408.449081	6409.548215	6405.0195619999995	6407.858405	6409.079	6410.95	1.0	1.0	1.0	1.0					
6415.012	14.327000000000226	trials	8.0	6424.83659	6426.786281			6423.842075	6427.123398999999			2.0		1.0	1.0					
6431.864	8.135000000000218	trials	8.0	6436.260834999999	6437.7576389999995	6438.829653999999	6440.00252	6435.486529999999	6438.2534			1.0	1.0	0.0	3.0					
6443.144	38.38599999999951	trials	8.0	6477.635714	6479.157628999999	6481.103252	6481.532969	6476.651825	6480.541082			1.0	1.0	0.0	3.0					
6483.414	21.75	trials	8.0	6501.050867999999	6502.6199019999995			6500.445064	6502.901022999999			2.0		1.0	1.0					
6508.724	6.819999999999709	trials	8.0	6511.280446999999	6512.732131999999			6510.591737	6513.2774229999995			2.0		1.0	1.0					
6518.046	8.082999999999629	trials	8.0	6521.945898999999	6523.36835			6521.027561	6524.038291999999			2.0		1.0	1.0					
6530.679	9.085000000000036	trials	8.0	6534.336695	6535.404146	6537.223540999999	6538.133540999999	6533.419962999999	6536.500118	6537.95	6539.764	1.0	2.0	1.0	1.0					
6542.869	7.600000000000364	trials	8.0	6546.906196999999	6548.464800999999			6546.112504	6548.460615999999			1.0		0.0	2.0					
6554.518	21.940999999999804	trials	8.0	6571.296649999999	6572.763327999999	6574.084473999999	6574.9885429999995	6570.335883999999	6573.462431	6574.719	6576.459	1.0	1.0	1.0	1.0					
6578.523	8.55199999999968	trials	8.0	6582.416947999999	6583.869701	6584.837098999999	6585.638110999999	6581.855981999999	6584.271822	6585.575	6587.075	1.0	1.0	1.0	1.0					
6591.094	7.359999999999673	trials	8.0	6593.276830999999	6595.237031	6596.120704999999	6596.937868999999	6592.394936	6595.482427999999	6596.834	6598.454	1.0	1.0	1.0	1.0					
6602.515	7.363999999999578	trials	8.0	6604.311376	6606.028356999999	6607.007911999999	6607.908606999999	6603.749280999999	6606.402424999999	6607.689	6609.879	1.0	1.0	1.0	1.0					
6612.899	7.335000000000036	trials	8.0	6616.151924	6617.723969			6615.344187	6618.0328039999995			2.0		1.0	1.0					
6623.765	12.474999999999454	trials	8.0	6627.316903	6629.218696999999	6635.097932999999	6636.245924	6626.466449	6629.26474			1.0	1.0	0.0	3.0					
6637.414	10.8100000000004	trials	8.0	6644.551872999999	6646.2363159999995	6647.134265999999	6648.05609	6643.615889999999	6646.543742			1.0	1.0	1.0	1.0					
6651.74	11.789999999999964	trials	8.0	6658.366773999999	6659.817443999999	6660.918605	6661.886474	6657.823753999999	6660.158656	6661.579	6663.53	1.0	1.0	1.0	1.0					
6666.599	7.625	trials	8.0	6669.151648999999	6670.875550999999	6671.43222	6672.358767999999	6668.336907999999	6670.8740419999995	6672.109	6674.224	1.0	1.0	1.0	1.0					
6677.244	9.81500000000051	trials	8.0	6680.0840929999995	6681.962839999999	6686.542176	6687.063625	6679.30462	6682.009663			1.0	1.0	0.0	3.0					
6688.866	13.20300000000043	trials	8.0	6698.312279	6699.518201			6697.7906649999995	6699.878369999999			2.0		1.0	1.0					
6706.599	7.059999999999491	trials	8.0	6709.163688999999	6711.101839999999			6708.281397999999	6711.480927999999			2.0		1.0	1.0					
6717.124	4.875	trials	8.0	6719.062521999999	6719.9954259999995			6717.8862819999995	6719.984369999999			1.0		0.0	2.0					
6726.02	12.003999999999905	trials	8.0	6730.335703	6732.2947429999995	6737.285500999999	6738.028033999999	6729.786622	6733.874957			1.0	1.0	0.0	3.0					
6739.652	12.98700000000008	trials	8.0	6747.967629999999	6749.278001999999	6750.260936	6751.166455	6747.409263	6749.64953	6751.075	6752.639	1.0	1.0	1.0	1.0					
6756.694	6.5	trials	8.0	6759.897911999999	6760.979616999999	6761.927868999999	6763.197029999999	6759.178838999999	6761.321878999999			1.0	1.0	0.0	3.0					
6764.289	11.175000000000182	trials	8.0	6772.249271999999	6773.9443759999995	6775.029079999999	6775.4681089999995	6771.434421	6774.332708999999			1.0	1.0	0.0	3.0					
6778.344	13.975000000000364	trials	8.0	6786.303161999999	6788.1813919999995	6789.176525	6790.266804999999	6785.595939999999	6788.469488	6789.905	6792.319	1.0	2.0	1.0	1.0					
6794.339	9.350000000000364	trials	8.0	6799.374784	6801.17876			6798.688743999999	6801.611706			2.0		1.0	1.0					
6806.219	8.574999999999818	trials	8.0	6811.448106999999	6812.791823			6810.567427999999	6812.786142			2.0		0.0	2.0					
6816.804	8.010000000000218	trials	8.0	6821.098456	6823.0699939999995	6824.009636	6824.820146999999	6820.1247889999995	6823.382796999999			1.0	1.0	0.0	3.0					
6828.374	20.360000000000582	trials	8.0	6842.908474999999	6844.772349999999	6845.762933	6847.03119	6842.117119	6845.095996999999	6846.459	6848.734	1.0	2.0	1.0	1.0					
6852.815	8.675000000000182	trials	8.0	6856.088696999999	6857.829637999999	6858.616609999999	6859.819974999999	6855.347137999999	6857.914048	6859.294	6861.49	1.0	2.0	1.0	1.0					
6865.52	8.82799999999952	trials	8.0	6870.335244999999	6872.045550999999			6869.538452	6872.286959999999			2.0		1.0	1.0					
6877.896	10.403000000000247	trials	8.0	6882.398593999999	6884.4574729999995	6885.360175999999	6886.414349	6881.499717	6884.662485999999	6886.069	6888.299	1.0	2.0	1.0	1.0					
6891.325	10.213999999999942	trials	8.0	6895.183983	6897.029992999999	6898.634096	6899.857889	6894.492104999999	6897.951227	6899.325	6901.539	1.0	2.0	1.0	1.0					
6903.559	13.279999999999745	trials	8.0	6910.283347	6912.23215	6913.577866	6914.598078999999	6909.492348999999	6912.930208999999	6914.389	6916.839	1.0	2.0	1.0	1.0					
6919.934	7.635000000000218	trials	8.0	6923.835023	6925.566857	6926.338099	6926.968046	6922.988246	6925.560385			1.0		0.0	2.0					
6931.624	16.13000000000011	trials	8.0	6943.460239999999	6944.857462999999	6945.487475999999	6946.184423	6942.616945	6944.8493929999995	6946.179	6947.754	1.0	1.0	1.0	1.0					
6951.774	12.219999999999345	trials	8.0	6961.074242	6962.355759	6963.259485	6964.002256999999	6960.457033999999	6962.675706999999			1.0	1.0	0.0	3.0					
6965.625	16.529999999999745	trials	8.0	6978.504795999999	6980.155954			6977.8657299999995	6980.141202			1.0		0.0	2.0					
6984.171	17.89800000000014	trials	8.0	6998.165690999999	7000.066570999999	7001.2007619999995	7001.360293	6997.458124	7000.063074			1.0		0.0	2.0					
7005.114	125.66000000000076	trials	8.0	7127.020498	7128.723281			7126.339480999999	7128.712506999999			1.0		0.0	2.0					
7133.784	7.450000000000728	trials	8.0	7137.114965	7138.978456			7136.149922	7139.207047			2.0		1.0	1.0					
7144.799	7.204999999999927	trials	8.0	7147.800993999999	7149.418602			7146.850186	7149.768673999999			2.0		1.0	1.0					
7154.49	7.114999999999782	trials	8.0	7157.940516999999	7159.557502			7157.2000069999995	7159.554719			1.0		0.0	2.0					
7163.653	7.956000000000131	trials	8.0	7167.6501769999995	7169.101170999999			7166.649179	7169.535454			2.0		1.0	1.0					
7176.16	7.47400000000016	trials	8.0	7178.730739999999	7179.891895999999	7181.173148999999	7182.021874	7177.754112999999	7180.498184	7181.799	7183.634	1.0	2.0	1.0	1.0					
7186.649	9.264999999999418	trials	8.0	7190.126974999999	7191.168957999999	7193.219921	7194.317999999999	7189.166378	7192.505251	7193.929	7195.914	1.0	2.0	1.0	1.0					
7197.934	9.819999999999709	trials	8.0	7204.056576999999	7205.714096			7203.345845	7205.708495			1.0		0.0	2.0					
7210.764	22.48999999999978	trials	8.0	7227.792439	7229.722828999999	7230.534925999999	7231.408756	7227.151591	7229.951875999999	7231.329	7233.254	1.0	1.0	1.0	1.0					
7235.349	9.404999999999745	trials	8.0	7241.587541999999	7243.246287999999	7244.163769999999	7244.763042999999	7240.940016999999	7243.577797			1.0	1.0	0.0	3.0					
7248.484	16.11499999999978	trials	8.0	7260.296692	7262.294604999999			7259.689425999999	7262.490857			2.0		1.0	1.0					
7268.19	8.904000000000451	trials	8.0	7271.6015449999995	7273.119976999999	7274.10247	7275.2447569999995	7271.080195	7273.448726	7274.761	7277.094	1.0	2.0	1.0	1.0					
7281.145	7.533999999999651	trials	8.0	7284.976204	7286.171243			7284.075041	7286.482784			2.0		1.0	1.0					
7292.285	9.444000000000415	trials	8.0	7296.076402999999	7297.392712999999	7298.392191999999	7299.591586	7295.113063999999	7297.7255509999995	7299.115	7301.729	1.0	2.0	1.0	1.0					
7303.78	8.600000000000364	trials	8.0	7308.713279	7310.455384999999	7311.558031	7312.3862899999995	7308.114715	7310.859893			1.0	2.0	0.0	3.0					
7313.877	17.751999999999498	trials	8.0	7327.241117	7328.320495	7329.370653999999	7330.126920999999	7326.48097	7328.692749999999	7330.024	7331.629	1.0	2.0	1.0	1.0					
7335.659	7.700000000000728	trials	8.0	7339.072211	7340.813617999999			7338.070876999999	7341.134351			2.0		1.0	1.0					
7346.889	5.574999999999818	trials	8.0	7349.132078999999	7350.178695999999	7351.667743	7352.471594999999	7348.428292999999	7350.9366469999995			1.0	1.0	0.0	3.0					
7354.035	17.289999999999964	trials	8.0	7363.732139	7364.870083999999	7368.198085	7368.895637	7362.750700999999	7365.445033999999	7368.894	7371.325	1.0	2.0	1.0	1.0					
7375.429	4.925999999999476	trials	8.0	7377.6686389999995	7378.988503	7379.943625	7380.361978999999	7376.185925	7379.162791			1.0	1.0	0.0	3.0					
7384.314	14.269999999999527	trials	8.0	7393.1374749999995	7394.60788	7395.572109999999	7396.704269	7392.34607	7394.862593	7396.249	7398.584	1.0	2.0	1.0	1.0					
7401.604	10.675999999999476	trials	8.0	7406.254105	7407.708473	7409.158015999999	7410.429902999999	7405.485758	7408.399573	7409.804	7412.28	1.0	2.0	1.0	1.0					
7415.344	10.444999999999709	trials	8.0	7419.597255999999	7420.9983139999995	7422.518857999999	7423.789607	7419.055216	7421.726401999999	7423.139	7425.789	1.0	2.0	1.0	1.0					
7429.854	9.974999999999454	trials	8.0	7434.043968999999	7435.109074	7436.2227889999995	7437.747163	7433.41426	7435.513435999999	7437.075	7439.829	1.0	2.0	1.0	1.0					
7443.939	7.364999999999782	trials	8.0	7447.142671	7448.724399999999			7446.27779	7449.008857			2.0		1.0	1.0					
7454.768	9.586999999999534	trials	8.0	7461.013144	7462.609420999999	7463.631754	7464.364578999999	7460.0381259999995	7462.969413999999			1.0	2.0	0.0	3.0					
7466.954	18.371000000000095	trials	8.0	7481.513164	7482.827125			7480.684950999999	7483.121647999999			2.0		1.0	1.0					
7488.849	11.585000000000036	trials	8.0	7495.602817999999	7497.468116	7498.438075	7499.154202	7494.954739999999	7497.774388	7499.179	7500.434	1.0	1.0	1.0	1.0					
7502.454	12.515000000000327	trials	8.0	7509.1573849999995	7510.274312	7511.444614999999	7512.9523149999995	7508.558881999999	7510.611503	7512.119	7514.969	1.0	2.0	1.0	1.0					
7516.99	12.679000000000087	trials	8.0	7525.733085999999	7527.121421			7525.205583999999	7527.578125999999			2.0		1.0	1.0					
7533.247	9.57799999999952	trials	8.0	7537.388121999999	7538.6822649999995	7540.186027	7541.098918	7536.772236999999	7539.4583299999995	7540.984	7542.825	1.0	2.0	1.0	1.0					
7544.845	7.22400000000016	trials	8.0	7548.594816999999	7550.031144999999	7550.869516	7551.236695	7547.707195999999	7550.0130819999995			1.0		0.0	2.0					
7554.079	14.56500000000051	trials	8.0	7565.638433	7566.770914	7568.04212	7568.653509	7564.749314	7567.328876			1.0	1.0	0.0	3.0					
7570.364	14.791000000000167	trials	8.0	7581.175851999999	7583.155325			7580.25574	7583.1501849999995			2.0		0.0	2.0					
7587.169	12.313000000000102	trials	8.0	7595.993264	7597.550464999999	7598.708957	7599.492829	7595.2322779999995	7598.079995			1.0	2.0	0.0	3.0					
7603.06	8.219999999999345	trials	8.0	7607.5539229999995	7608.735597999999			7606.670552	7609.2121179999995			2.0		1.0	1.0					
7615.861	5.342999999999847	trials	8.0	7617.504825	7619.19352	7620.772558999999	7621.217304999999	7616.790556	7619.706018999999			1.0	1.0	0.0	3.0					
7625.145	10.878999999999905	trials	8.0	7630.823993	7632.225649	7633.756200999999	7634.588239	7629.928548999999	7632.878879	7634.439	7636.024	1.0	1.0	1.0	1.0					
7639.09	56.6840000000002	trials	8.0	7690.509263	7691.737681	7693.307099	7694.112292999999	7689.654987999999	7692.075132999999	7658.289	7695.774	1.0	2.0	1.0	1.0					
7699.794	10.775000000000546	trials	8.0	7703.2957209999995	7704.610981999999	7705.894055	7707.103045999999	7702.671855999999	7705.181259999999	7706.549	7710.569	1.0	2.0	1.0	1.0					
7713.589	8.565999999999804	trials	8.0	7716.325639999999	7718.296162999999	7719.313534999999	7720.356981999999	7715.541695	7718.588782	7719.974	7722.155	1.0	2.0	1.0	1.0					
7725.174	11.99499999999989	trials	8.0	7730.760133999999	7732.422737	7733.638993999999	7734.949538	7729.79332	7732.961851	7734.344	7737.169	1.0	2.0	1.0	1.0					
7739.184	15.960000000000036	trials	8.0	7749.664115	7751.311682	7752.371431	7753.585069	7749.072247	7751.7437629999995	7752.969	7755.144	1.0	2.0	1.0	1.0					
7759.17	10.149000000000342	trials	8.0	7763.725111	7765.1794279999995	7766.322139999999	7767.423645999999	7763.034820999999	7765.664914999999	7767.049	7769.319	1.0	2.0	1.0	1.0					
7771.361	10.238000000000284	trials	8.0	7775.869234999999	7777.196639	7778.473045999999	7779.630593	7774.88516	7777.800477999999	7779.014	7781.599	1.0	2.0	1.0	1.0					
7785.658	6.305999999999585	trials	8.0	7788.264794	7789.464846999999			7787.492764999999	7789.7437279999995			2.0		1.0	1.0					
7794.52	9.59899999999925	trials	8.0	7798.600264999999	7799.806885999999	7801.145672	7802.170612999999	7797.981631999999	7800.467304999999	7801.799	7804.119	1.0	2.0	1.0	1.0					
7806.251	418.41300000000047	BlockDesign														1.0	458.0	484.0	10.0	50.0
7806.251	8.557999999999993	trials	9.0	7811.475399999999	7813.222054999999	7814.255246	7814.822177	7810.776174999999	7813.56502			1.0	1.0	0.0	3.0					
7817.61	19.489000000000487	trials	9.0	7830.265646	7832.182097999999	7833.8539869999995	7835.030561	7829.726881999999	7833.112982999999	7834.459	7837.099	1.0	2.0	1.0	1.0					
7840.164	12.286000000000058	trials	9.0	7847.981416999999	7849.896634			7847.293739	7850.21185			2.0		1.0	1.0					
7855.03	8.09900000000016	trials	9.0	7859.185528	7860.8143	7861.919604999999	7863.142516	7858.615747999999	7861.261457			1.0	2.0	0.0	3.0					
7865.22	11.793999999999869	trials	9.0	7873.342033999999	7875.019044999999			7872.454473999999	7875.010493			1.0		0.0	2.0					
7879.024	12.68499999999949	trials	9.0	7888.160441	7889.271852999999	7890.80006	7891.721272	7887.407222	7890.115785999999			1.0	2.0	0.0	3.0					
7895.149	32.800999999999476	trials	9.0	7921.955376999999	7923.927390999999	7925.095582	7926.299351	7921.028069	7924.35276	7925.794	7927.95	1.0	2.0	1.0	1.0					
7929.969	9.159999999999854	trials	9.0	7936.020978999999	7937.3840549999995	7938.719059999999	7939.142258	7935.134958999999	7938.01798			1.0	2.0	0.0	3.0					
7943.049	15.625	trials	9.0	7955.526049	7957.053473	7958.050891999999	7958.688856	7954.560066999999	7957.371394			1.0	2.0	0.0	3.0					
7960.364	16.025000000000546	trials	9.0	7972.375840999999	7973.884343			7971.595531999999	7974.141613			2.0		1.0	1.0					
7980.919	8.070999999999913	trials	9.0	7982.946397	7984.813378999999	7986.239129	7987.334583999999	7982.194003	7985.303242999999	7986.879	7988.99	1.0	2.0	1.0	1.0					
7993.054	8.539999999999964	trials	9.0	7997.085808	7999.042417			7996.16119	7999.3257189999995			2.0		1.0	1.0					
8005.112	10.311999999999898	trials	9.0	8009.831329999999	8011.8145779999995	8012.820339999999	8013.7415949999995	8009.033087	8012.124223	8013.619	8015.424	1.0	2.0	1.0	1.0					
8019.459	9.975000000000364	trials	9.0	8023.456182999999	8025.501767	8026.5760629999995	8027.796542	8022.492714999999	8025.8616919999995	8027.229	8029.434	1.0	2.0	1.0	1.0					
8032.454	11.345000000000255	trials	9.0	8039.531617999999	8041.559797	8042.531795999999	8043.81475	8038.584078999999	8041.840909999999			1.0	2.0	0.0	3.0					
8045.842	12.313000000000102	trials	9.0	8054.856895999999	8055.92857	8057.320065999999	8058.172025	8053.881547999999	8056.4923579999995			1.0	1.0	0.0	3.0					
8059.672	17.392000000000735	trials	9.0	8070.811913	8072.281658999999	8073.832073	8075.090678	8070.094093	8072.854198999999	8074.419	8077.064	1.0	2.0	1.0	1.0					
8081.124	8.655999999999949	trials	9.0	8085.968601999999	8087.2852299999995			8085.089727999999	8087.61636			2.0		1.0	1.0					
8093.315	9.660000000000764	trials	9.0	8098.638789999999	8100.658562	8101.665937	8102.98709	8097.923935999999	8101.01765			1.0	2.0	0.0	3.0					
8104.028	12.256999999999607	trials	9.0	8110.985022999999	8112.929733999999	8113.934716	8114.708122	8110.133742999999	8113.233577999999	8114.634	8116.285	1.0	1.0	1.0	1.0					
8118.334	9.9350000000004	trials	9.0	8124.383449999999	8125.769001999999			8123.699138	8126.130842			2.0		1.0	1.0					
8132.844	10.840000000000146	trials	9.0	8139.482066	8141.1862439999995			8138.632492	8141.469838999999			2.0		1.0	1.0					
8146.288	11.821000000000822	trials	9.0	8151.152021999999	8153.099404999999	8154.430949	8155.7610349999995	8150.6184459999995	8153.624881	8155.2	8158.109	1.0	2.0	1.0	1.0					
8162.129	7.180000000000291	trials	9.0	8165.9475219999995	8167.095458	8168.559483999999	8169.322553	8165.108533999999	8167.822268			1.0	2.0	0.0	3.0					
8171.879	12.845000000000255	trials	9.0	8181.812849	8183.162635	8184.254084	8184.740679999999	8181.237639999999	8183.569716999999			1.0	1.0	0.0	3.0					
8187.556	27.743000000001302	trials	9.0	8209.759394	8210.95388	8212.359198	8213.594192	8208.847700999999	8211.563773	8213.139	8215.299	1.0	2.0	1.0	1.0					
8219.319	5.345000000001164	trials	9.0	8222.137852	8223.277963999999	8224.597857	8225.190514	8221.433909	8223.944436			1.0	2.0	0.0	3.0					
8227.014	1499.545	BlockDesign														0.0	485.0	559.0	50.0	10.0
8227.014	17.1150000000016	trials	10.0	8240.543043	8241.589193	8243.084413999999	8244.146099	8239.650645	8242.118252			1.0	2.0	0.0	3.0					
8245.444	14.480000000001382	trials	10.0	8256.327625	8257.930592			8255.446321	8257.923347			1.0		0.0	2.0					
8263.98	35.52900000000045	trials	10.0	8294.683675	8296.290799999999	8297.450085999999	8298.226187	8293.774655	8296.737088	8282.419	8299.509	1.0	1.0	1.0	1.0					
8303.526	5.041999999999462	trials	10.0	8305.704596	8307.125107	8308.121387	8308.585038	8305.103231	8307.496629			1.0	1.0	0.0	3.0					
8310.434	15.454999999999927	trials	10.0	8322.493534	8324.096392	8325.264874	8325.906176	8321.956124	8324.487679			1.0	1.0	0.0	3.0					
8329.579	11.75	trials	10.0	8338.220154999999	8339.403446	8340.678313999999	8341.34764	8337.409004	8339.883662			1.0	2.0	0.0	3.0					
8344.982	17.201999999999316	trials	10.0	8358.618908	8360.502735999999	8361.630675999999	8362.199841	8357.770495	8360.91374			1.0	2.0	0.0	3.0					
8363.955	28.443999999999505	trials	10.0	8387.819053	8389.355974999999			8387.267392	8390.280877			2.0		1.0	1.0					
8395.931	8.436999999999898	trials	10.0	8399.345659999999	8400.597386	8402.263808	8402.970919	8398.817847999999	8401.319432	8402.919	8404.368	1.0	1.0	1.0	1.0					
8407.379	8.089999999998327	trials	10.0	8412.164047999999	8413.645802	8414.797835	8415.485939	8411.548243	8414.075036			1.0	1.0	0.0	3.0					
8418.094	9.195000000001528	trials	10.0	8423.59579	8425.191023	8426.891226	8427.307898	8423.073892	8426.142479			1.0	2.0	0.0	3.0					
8430.199	12.635000000000218	trials	10.0	8436.971023999999	8438.756698	8439.872791	8440.483412	8436.029212	8439.121492			1.0	2.0	0.0	3.0					
8443.179	13.784999999999854	trials	10.0	8453.029740999998	8454.215735			8452.384178	8454.763814			2.0		1.0	1.0					
8460.494	7.289999999999054	trials	10.0	8464.614583999999	8466.196397	8467.241978	8467.801313	8463.736898	8466.56872			1.0	1.0	0.0	3.0					
8469.584	12.125	trials	10.0	8476.826277	8478.371211	8479.587925	8480.378288	8476.124032	8478.761885	8480.359	8481.709	1.0	1.0	1.0	1.0					
8485.772	11.416999999999462	trials	10.0	8493.144822	8494.406341999998			8492.603129	8495.084478			2.0		1.0	1.0					
8501.72	10.459000000000742	trials	10.0	8509.3501	8510.459117999999	8511.76616	8512.199032999999	8508.39473	8511.110387			1.0	2.0	0.0	3.0					
8515.049	44.414999999999054	trials	10.0	8554.551889999999	8556.405521	8557.445098	8558.130083	8553.735605	8556.768433	8558.084	8559.464	1.0	1.0	1.0	1.0					
8561.531	9.897999999999229	trials	10.0	8567.780243	8568.803612			8566.941895	8569.28751			2.0		1.0	1.0					
8573.969	8.517000000001644	trials	10.0	8578.325379999998	8579.991665			8577.731831	8580.407749			2.0		1.0	1.0					
8585.087	9.94300000000112	trials	10.0	8591.200372	8592.484629999999			8590.352078	8592.919925			2.0		1.0	1.0					
8598.494	7.144999999998618	trials	10.0	8600.346839	8601.843281	8603.012784999999	8603.942189	8599.445783	8602.206562	8603.609	8605.639	1.0	1.0	1.0	1.0					
8608.664	10.389999999999418	trials	10.0	8613.965423	8615.503636	8616.644500999999	8617.516237	8613.408225	8616.021719	8617.379	8619.054	1.0	1.0	1.0	1.0					
8621.069	8.980000000001382	trials	10.0	8626.130306	8628.023568999999			8625.169075	8628.013073			1.0		0.0	2.0					
8634.104	11.81000000000131	trials	10.0	8640.932655999999	8641.947725	8643.105092	8643.970669999999	8640.294978999998	8642.48914	8645.644	8645.914	1.0	1.0	1.0	1.0					
8648.624	9.344999999999345	trials	10.0	8654.851005999999	8656.098742999999	8657.074649	8657.989907	8654.164616	8656.447646			1.0	1.0	0.0	3.0					
8659.395	13.713999999999942	trials	10.0	8668.766216	8669.852796	8670.833528	8671.647799999999	8668.173467	8670.232619999999	8671.569	8673.109	1.0	1.0	1.0	1.0					
8676.183	7.221999999999753	trials	10.0	8678.942124	8680.037631	8680.980991	8681.899256	8677.993878	8680.400624	8681.594	8683.405	1.0	1.0	1.0	1.0					
8687.429	13.14600000000064	trials	10.0	8697.276359	8698.591649			8696.526028	8698.585142			1.0		0.0	2.0					
8702.652	20.096999999999753	trials	10.0	8718.993128	8720.212920999998			8718.176158999999	8720.628482			2.0		1.0	1.0					
8727.324	7.744999999998981	trials	10.0	8730.546483999999	8731.835093	8732.863992999999	8733.692664	8729.736152	8732.153774999999	8733.575	8735.069	1.0	1.0	1.0	1.0					
8737.089	9.111000000000786	trials	10.0	8742.311673	8744.196806	8745.310513999999	8746.219556	8741.613553	8744.707418			1.0	1.0	0.0	3.0					
8749.615	10.625	trials	10.0	8756.451444999999	8758.345586	8759.245278999999	8760.259089	8755.651124	8758.689553			1.0	1.0	0.0	3.0					
8763.555	11.244000000000597	trials	10.0	8770.621492	8771.747989			8769.952819999999	8772.610999999999			2.0		1.0	1.0					
8778.263	7.635999999998603	trials	10.0	8783.03209	8784.430108999999	8785.474015	8785.917008	8782.455713	8784.8534			1.0	1.0	0.0	3.0					
8788.771	13.287999999998647	trials	10.0	8798.416769	8800.393027999999	8801.618851	8802.080408	8797.860734	8800.901848			1.0	2.0	0.0	3.0					
8804.956	20.89799999999923	trials	10.0	8820.09851	8821.86601	8823.473032	8824.318223	8819.31503	8822.645574	8824.214	8825.854	1.0	2.0	1.0	1.0					
8827.875	8.398999999999432	trials	10.0	8832.161855999999	8833.702205			8831.350548999999	8834.20058			2.0		1.0	1.0					
8838.797	8.621999999999389	trials	10.0	8843.772353	8845.733879	8846.92132	8847.439604	8843.128084	8846.217605			1.0	2.0	0.0	3.0					
8850.224	16.344999999999345	trials	10.0	8862.727642	8864.668743	8865.959546	8866.591099	8861.902402	8865.326441			1.0	1.0	0.0	3.0					
8868.253	15.706000000000131	trials	10.0	8880.238043	8882.126671999999	8883.54939	8883.980759	8879.26094	8882.798567			1.0	2.0	0.0	3.0					
8886.859	18.21600000000035	trials	10.0	8900.29214	8901.746926	8902.821908	8903.724776	8899.576325	8902.139234	8903.584	8905.075	1.0	1.0	1.0	1.0					
8907.129	9.235999999998967	trials	10.0	8912.389274	8914.334267			8911.750060999999	8914.328657			1.0		0.0	2.0					
8918.395	12.458999999998923	trials	10.0	8927.587354	8929.18486	8930.433057	8930.874421999999	8926.811123	8929.729295			1.0	2.0	0.0	3.0					
8933.749	16.44000000000051	trials	10.0	8944.80441	8946.739763	8947.885541	8948.77621	8943.810178	8947.158444	8948.53	8950.189	1.0	1.0	1.0	1.0					
8954.204	6.701000000000931	trials	10.0	8957.023288	8958.364666			8956.142473	8958.817315			2.0		1.0	1.0					
8965.389	7.795000000000073	trials	10.0	8968.007271999999	8969.818734999999	8970.884664	8971.757269	8967.254347999999	8970.209001	8971.589	8973.184	1.0	1.0	1.0	1.0					
8976.21	9.929000000000087	trials	10.0	8982.547381	8984.148798			8981.637578	8984.134159			1.0		0.0	2.0					
8988.149	294.78000000000065	trials	10.0	9279.395235	9280.928634	9282.428472	9282.931986	9278.694	9281.038140999999			1.0	1.0	0.0	3.0					
9286.754	14.360999999998967	trials	10.0	9292.035939	9293.578026			9291.260742	9294.356068			2.0		1.0	1.0					
9301.17	5.218999999999141	trials	10.0	9303.129807	9304.387512			9301.113862	9304.374039999999			1.0		0.0	2.0					
9309.429	12.685999999999694	trials	10.0	9317.555054999999	9319.606123			9316.946899	9319.88248			2.0		1.0	1.0					
9325.682	6.546999999998661	trials	10.0	9329.294772	9330.636358	9331.776564	9332.233648	9328.414014	9331.042615			1.0	2.0	0.0	3.0					
9336.126	22.87800000000061	trials	10.0	9353.996406	9355.481139	9356.589318	9357.468979	9353.127548999999	9355.926618	9357.264	9359.004	1.0	1.0	1.0	1.0					
9361.034	8.149999999999636	trials	10.0	9365.934825999999	9367.841699	9368.544444	9369.184372	9365.391189	9367.889185			1.0	1.0	0.0	3.0					
9371.879	16.789999999999054	trials	10.0	9384.8904	9386.663628999999			9383.982909999999	9386.655966			1.0		0.0	2.0					
9392.694	10.090000000000146	trials	10.0	9398.996267999999	9400.777987			9398.440684	9400.771291			1.0		0.0	2.0					
9406.794	7.6710000000002765	trials	10.0	9411.275398	9412.625665	9414.018564	9414.465717	9410.616897	9412.945855			1.0	1.0	0.0	3.0					
9417.383	7.77599999999984	trials	10.0	9421.760116	9423.157635			9421.168504	9423.147343			1.0		0.0	2.0					
9429.169	42.344999999999345	trials	10.0	9467.760601	9468.966258			9467.06245	9469.44354	9465.464	9465.582	2.0		1.0	1.0					
9475.095	6.879000000000815	trials	10.0	9477.622054	9479.377725999999			9476.836768	9479.68058			2.0		1.0	1.0					
9484.506	8.802999999999884	trials	10.0	9489.376715999999	9490.752644			9488.630127	9491.214668999999			2.0		1.0	1.0					
9495.79	12.949999999998909	trials	10.0	9501.755781	9503.310738	9507.835459	9508.740743999999	9500.825784999999	9503.63061			1.0	1.0	0.0	3.0					
9512.149	14.220000000001164	trials	10.0	9521.480897	9523.120423	9524.127525	9525.029041	9520.680151999999	9523.422262	9524.909	9526.369	1.0	1.0	1.0	1.0					
9530.439	6.600000000000364	trials	10.0	9533.671261	9534.818612	9536.659473	9537.043555	9532.704031	9535.890714			1.0	2.0	0.0	3.0					
9539.971	16.934000000001106	trials	10.0	9551.405772	9552.947355999999	9554.556999999999	9555.311194	9550.502285	9553.816289999999	9555.414	9556.905	1.0	2.0	1.0	1.0					
9558.929	8.735000000000582	trials	10.0	9564.195966	9566.307563999999	9567.041022	9567.668039	9563.414605	9566.397563999999			1.0	1.0	0.0	3.0					
9571.349	20.014999999999418	trials	10.0	9587.025883	9588.79273			9586.251918	9589.140528			2.0		1.0	1.0					
9594.859	9.230999999999767	trials	10.0	9600.056784999999	9601.969158	9603.588235	9604.093509999999	9599.407776	9602.890040999999			1.0	1.0	0.0	3.0					
9605.95	15.238999999999578	trials	10.0	9616.351786	9617.692101999999	9618.725274999999	9619.628827	9615.43576	9617.993676	9619.464	9621.189	1.0	1.0	1.0	1.0					
9624.209	9.0099999999984	trials	10.0	9629.981494	9631.710357	9632.598109	9633.223014	9629.025028	9631.923902999999			1.0	1.0	0.0	3.0					
9635.914	12.494999999998981	trials	10.0	9644.833225	9646.506239999999	9647.88451	9648.41301	9644.050141	9647.051086			1.0	2.0	0.0	3.0					
9650.249	40.111000000000786	trials	10.0	9686.682324	9688.576839	9689.969871	9690.362781	9685.974291	9689.081803			1.0	2.0	0.0	3.0					
9692.284	11.791000000001077	trials	10.0	9701.226867	9702.27384	9703.658688	9704.077438	9700.674923999999	9702.886215999999			1.0	2.0	0.0	3.0					
9705.974	20.584999999999127	trials	10.0	9718.737584999999	9720.299391999999	9721.457151999999	9722.273487999999	9717.759742	9720.744696	9722.244	9726.559	1.0	1.0	1.0	1.0					
